mode_1_N,mode_1_mean,mode_1_stdev,mode_1_kappa,mode_2_N,mode_2_mean,mode_2_stdev,mode_2_kappa,velocity,initial_temperature,initial_pressure,initial_vapor_mix_ratio,solver,error,wall_time
142843400.22207624,2.114775615310017e-09,2.426303564189401,0.0947874023811223,348793564.9138646,2.228688139963169e-07,1.405973716834743,0.8813624878602768,2.022046006833764,249.00884910446604,81460.61310840708,0.0006604651641226,SciPy,Timed Out,1029.467880487442
83837264250.44594,6.536000151707511e-09,1.3109126562589184,0.0042184060929484,526935491.7014836,6.511969109514309e-07,1.241187297799312,1.4429921777700296,0.3157730729259113,291.91170229095894,76834.51331771078,0.0178560957425979,SciPy,Timed Out,1039.2282285690308
2737531.9742359607,8.759635690121214e-06,2.137398309363833,0.8333743219400582,1134721.3261987271,1.912274172706385e-09,2.269790651606774,0.0458532582784272,2.320777823404532,264.15149689338733,90058.83886849077,0.0021265972621569,SciPy,Timed Out,1028.133530139923
2250766.9818263734,1.1722546953430263e-09,2.717506483142686,0.0008579904457174,59898543.17587252,4.1033955116533943e-08,1.575989370141326,0.0531745231629537,0.0512145614249555,289.5363255404448,79523.01024272549,0.0147807945492343,SciPy,Unexpected istate in LSODA.,59.691497802734375
374474.5955242596,1.8099009727369568e-07,1.5431389834400393,1.4964356582245042,139476302427.13663,1.2555116689209348e-09,2.1349749304584043,0.0185428667535025,2.2175913266800755,294.4727576752141,80689.98429201315,0.0199880777185997,SciPy,Timed Out,1034.3126015663147
86192.54835848568,6.182092901031893e-06,1.2576804721628512,0.4628923899821422,83497510.29141943,1.5388066855828559e-09,2.8781823660077466,0.0155021518373923,0.0155160220983201,297.3189298742207,96934.476624733,0.019762236640429,SciPy,Unexpected istate in LSODA.,53.683783531188965
829972830.9873056,4.288977265722307e-07,2.5425484646522523,1.161707445132428,863003.0303020286,1.160054071349805e-09,1.6569055472078005,0.0171208250807051,0.0232651377808918,289.98023231829177,83631.9436558203,0.0144491703438554,SciPy,Timed Out,1175.5333535671234
741041893.5900153,6.100843169669895e-09,2.9529952473861223,0.0095169702693679,1975761819.7545547,1.319386403190255e-07,2.993292532643572,0.3298689405801492,0.0815048314021893,268.48729628861764,76981.99835190797,0.0034810240286737,SciPy,Timed Out,1055.4501540660858
33061698.1195614,1.7705898659390358e-06,2.071542176090543,0.6967540890107987,36679257.79244952,9.464367833415402e-06,2.657258368087045,0.123659332371187,0.0110999196143677,296.46702137449114,92746.63524975568,0.0196191193875201,PySDM,Timed Out,1004.186732530594
94446653.64605936,7.476028962971124e-07,2.3532919307475417,0.5228647881105082,50938839047.35426,1.2827621688745432e-09,2.791722080476136,0.3644764267517653,0.5051485667389638,306.3434594593712,75708.47179946207,0.0443036974299336,SciPy,Timed Out,1050.7204427719116
5195338.802600116,3.3414926559722567e-09,2.09971418169256,0.0630849954741153,154749050.37999654,5.319694358581087e-07,1.8550223144266544,0.6206829196958282,0.0558527326034509,256.0372656592067,86484.04187098384,0.0011444328706688,SciPy,Timed Out,1078.1429228782654
18101943.50422343,7.2937552443366645e-09,2.0861603489483302,0.0024047348242282,106119.51107119978,2.560300895562681e-06,2.2517496495836404,1.0284067594698365,3.4050786670312805,283.4974970009366,91847.92241355356,0.0085472276531885,SciPy,Timed Out,1038.5108408927915
27810124285.829376,1.716056417221858e-09,1.9390848004609085,0.1241244356662173,71687.27242967987,3.2398114150001104e-07,1.3793662993990616,1.117762551268712,0.0199453087954629,252.06617245584036,71061.02304884052,0.0009917273723246,SciPy,Timed Out,1130.7878262996674
34921324.76931931,2.605834581711206e-09,2.709041361250073,0.0293853062051533,18626.79819841216,6.216964276423e-06,2.627755239304429,0.4124547539696592,0.0384142130687692,280.1619632164899,92273.68174262778,0.0067687444697691,SciPy,Timed Out,1080.7486276626587
711568610.0136951,1.0038426419076056e-09,2.200572509644473,0.1452946896756361,695567.1747838061,3.809764598166286e-07,1.700853671557435,0.994274912859154,2.891822662156002,289.1586886631982,54816.85203971498,0.0211416275181141,SciPy,Timed Out,1032.540307044983
170712.584520494,9.518327798238686e-09,1.545887787417814,0.002468322697019,15575141.631760933,1.7074875217324869e-06,2.1982415005672404,0.62143517445478,0.0994227526356758,258.9840759187661,69870.45427387604,0.0018107607628035,SciPy,Timed Out,1049.3557679653168
10110056.134303484,7.890450872020907e-09,1.5243362224991843,1.038194611749382,46165774.91778881,6.871275608278821e-09,2.580979059495323,0.0357217483174559,0.0118255865568781,302.7998903194789,96202.77508391344,0.0278113485591682,SciPy,Timed Out,1226.357496023178
553914.4586214637,2.5986533275126647e-09,2.185713203889395,0.0129809363816377,1625175298.1325936,3.326881394872346e-07,2.0199613708532387,0.4423290465459157,0.0337645912369734,251.8353536947031,69364.53732410338,0.0009957831303677,SciPy,Timed Out,1083.4657971858978
59316717.15826381,1.0334268065403164e-08,1.2205777167631118,0.9329862193592112,5854919.560271757,1.2238414946560326e-09,1.906422134580605,0.1635249842183287,0.0200014805775383,309.0790076005497,60537.27010638461,0.066637243446717,SciPy,Timed Out,1143.1634125709534
49172886.56998108,1.927656174850389e-09,2.995912863234248,0.124326859555658,127608.629834009,1.9113317759260957e-08,1.5908300839035956,1.2226578560501045,0.9299018327488796,266.76291639887376,68122.02048455967,0.0034496483635427,SciPy,Timed Out,1035.3470923900604
525653344639.27856,1.1536846642246887e-09,2.256543278727694,0.3008704742359341,40455005.57778536,8.451601062228917e-07,2.891961836885116,1.2869743548174892,0.386718724443074,250.30533614970156,64123.92690846213,0.0009418210567773,SciPy,Timed Out,1031.9770267009735
11786676431.256693,8.524347554422382e-09,1.3235638849408495,0.7432822111915882,184659084.1400708,4.745511247238368e-06,1.7766892075626814,0.753641179930275,0.0149525869003066,301.885892275389,59068.007809232746,0.0440436249404739,PySDM,Timed Out,1004.4693627357484
2241278147.1390924,4.673888451370292e-09,2.6588843917012213,0.045192777800498,371796293.4150777,2.5926864797078763e-09,2.353506896018768,1.1328951532631282,2.4252759726595685,309.85666826106177,98238.0973761433,0.041269703927181,SciPy,Timed Out,1034.0757865905762
56804434.62986965,5.606156298586252e-06,1.816446317426291,0.5249793371404933,219819433880.26688,4.143358896721565e-09,1.7332154017337724,0.0271571727962823,0.2659464277111676,266.7291422921889,56418.03342418486,0.0041592213098674,SciPy,Timed Out,1045.116357088089
1592419.493454713,7.455273931967549e-09,1.3103529489649917,1.2134360759053406,17720701.835857645,1.0090749347700995e-09,2.507169712434794,0.3343241396181501,2.8849324596202397,291.53643305570245,51793.70910065209,0.026212253709963,SciPy,Timed Out,1035.2148354053495
100700849.29968306,6.734108565385828e-06,2.9166082665977338,0.3887305634532927,43952225014.59863,3.978110096683862e-09,2.656428296799297,0.0369391110250883,0.0447462968521102,308.07861038190964,89981.57603244162,0.0408392836559971,SciPy,Timed Out,1093.2784337997437
12565988.00613476,3.451336268724293e-06,2.9971692130386547,1.2205370504511464,2912569.9844770124,1.046137474075238e-09,2.302363911617052,0.23466675444359,0.0335157333430972,279.29703742820186,50818.78341428311,0.0116698369570031,SciPy,Timed Out,1137.6862621307373
146895.20971011274,1.0692494206268874e-06,1.5578152593235366,1.0038956370574683,964080249.8263336,1.0208970642216753e-06,2.904374818205969,1.1759353595227553,0.0130409245364124,277.0191887832551,80183.20996468759,0.0062555707021009,PySDM,Timed Out,1004.427826166153
315370.9559759365,4.399086920670552e-09,2.177176224866036,0.5224705530807462,5085782.675793677,2.649105299653998e-09,1.6312664789769862,0.0001734825700668,0.0116004541616281,303.7622380246995,104638.66577176348,0.0269834549477307,SciPy,Unexpected istate in LSODA.,250.1021158695221
3266000780.8478627,1.2503018576229488e-09,2.700293556930183,0.0238217927089625,26594130.817431483,7.829392503807631e-07,1.5451779336620095,0.3783104965334828,0.0375570953806727,301.1784987274877,56902.06105867782,0.0438700561376615,SciPy,Timed Out,1032.0917556285858
1216379.7645435825,1.3435704854891036e-09,1.3393650171165836,1.233110280757496,379246188.1316855,2.0124679899054338e-06,2.433905389131197,1.3509128070254044,0.0138974852968838,307.73863918122004,91931.76201071808,0.0391266437242723,PySDM,Timed Out,1005.50497341156
1065847.997275174,4.396683611063698e-09,1.3879552032888849,0.0037948845764458,281973467869.0748,1.2213168981832154e-09,2.0863987875031267,0.7037559886189286,0.5737153083550043,301.00051800672657,68576.33977421954,0.0355777292627666,SciPy,Timed Out,1036.138456106186
21012151775.616825,3.929052775879378e-09,2.3896343770649016,0.0623646941033855,75299150.10572267,3.1858190209259887e-06,1.315239046470266,0.0686357371579299,0.1934983035495342,248.00022219708683,103950.34646716436,0.0004726625085131,SciPy,Timed Out,1044.255598783493
325415736.39757264,1.7294906923048383e-06,2.6906423977481726,1.014054542333707,20385459.21449841,1.0096301784009013e-07,2.331786620101153,0.5378772440950772,0.0148103227427358,281.665528216358,61625.21787806304,0.0113108382680362,PySDM,Timed Out,1004.4759500026704
731165253.9780146,7.032480480851008e-07,2.639454906616086,1.2675300109803378,193253980183.91302,2.591854327426301e-09,2.524093283989791,0.1257073479289688,0.4582480030703027,248.59406260684244,96482.09034759388,0.0005372169397047,SciPy,Timed Out,1038.0287539958954
137613046272.57413,1.4334050457544215e-09,1.729231227055922,0.0168010812034925,14987005434.896006,5.9335584324667155e-08,2.98332296056559,0.3860170128510078,0.0122015067555522,286.2697804885801,84561.98335513413,0.0111963645569759,SciPy,Timed Out,1200.6473524570465
1959893778.7253923,9.557431814950328e-09,1.638981184109262,0.2573072495815343,1098045540.233021,1.2305692661823677e-08,2.9020386067380866,0.0461489777296689,3.972436659909188,265.4109986079339,51580.66594184012,0.0041091667856364,SciPy,Timed Out,1033.658058643341
1456440670.0469406,2.733135268481367e-07,2.28325259676296,1.243119340788861,15502397.13110792,1.5202986727229924e-09,2.941423621841609,0.0473765808789181,1.935144488699785,269.89321514179,92146.16188788298,0.0032308894846314,SciPy,Timed Out,1034.4417550563812
12596.346239248596,1.4216909407015693e-06,1.3573948749993394,1.3738817699478052,267044483307.6651,3.010581955997835e-09,1.5491790040822275,0.0413186837423992,0.3016317735216228,284.6793514348951,51960.72885286727,0.0165509228564264,SciPy,Timed Out,1042.2108895778656
259015695.6340272,1.2728675193001288e-08,1.387690567563929,1.203001624432129,10921389.297922682,1.345367705875935e-09,1.345509092338368,0.069569425971328,0.5634412022623315,281.6479605021087,67806.95974209586,0.0102502299572069,SciPy,Timed Out,1033.4419293403623
61288.031167500805,4.2027208120294365e-08,2.656626860246006,0.0011317618074405,133036.37791799588,5.007695857390007e-08,2.7887055427520457,0.497898171742444,0.0138016510637758,291.34658954300124,60182.25639539502,0.0221520075086174,SciPy,Timed Out,1171.5917575359344
27330689165.08337,8.384263681102479e-09,1.9236273627599352,0.070968045802573,40046921.68438278,6.473310062084629e-09,1.967493522935153,0.0295433611781258,4.86112465989548,269.52876899287503,50662.96581044574,0.0057412815851017,SciPy,Timed Out,1034.9852991104126
4029504764.659668,1.986617635638982e-09,2.4006322367028243,0.0208098877841349,46594240670.066,2.048082738309025e-08,2.8492193510168207,0.7404296167568309,0.1117198058759085,265.3885641976137,56489.27929731312,0.0037433900063882,SciPy,Timed Out,1045.77148270607
556332383593.4141,1.2094266034640004e-09,2.890515706809021,0.1249318686156174,2869185.152994728,6.195814978077267e-06,1.5793535997493937,0.7270178467530434,0.0698058735537414,300.20131881571075,99971.98377925696,0.0228399615115474,SciPy,Unexpected istate in LSODA.,52.21756529808045
468383.04020642897,2.1356298062964433e-09,2.883429433478609,0.2208513580737775,3119624550.245836,2.476895531999407e-07,1.773788352217986,0.0211235935046963,1.802671869791756,285.9398098869416,84633.12945405848,0.0109436946375835,SciPy,Timed Out,1029.941791057587
29333131087.6732,1.6328394653982791e-09,2.258982289819357,0.1141374270658167,7167465.744140076,8.139730144923138e-08,2.177564798818352,0.8034339892453627,7.511789401628385,248.91448703510127,65077.25307795238,0.0008200091325905,SciPy,Timed Out,1033.179152727127
1976255.889218984,1.455229845908837e-09,1.2308215933676043,0.1923713971567539,42810413119.0249,1.024956625279394e-09,1.8813828403256632,0.1118318787827513,0.2651774499318488,305.1834197253011,97888.05004809635,0.0314843124512658,SciPy,Timed Out,1044.5395226478577
502071.42255681433,2.971175838754501e-09,2.61990047012189,0.7360812744672165,2398037.2758751414,1.3226385968576751e-09,2.9388036157479376,0.25970034388084,0.3288388182028577,248.38672651062052,62602.70539527778,0.0008130519891335,SciPy,Timed Out,1037.7199046611786
25468723.70788029,1.8594235328282227e-09,2.0496341268073155,0.1117164475837607,1352781555.9471424,9.357411622368537e-08,2.3597724963848647,0.8446406242905464,0.0300985297717849,266.73795565660674,52915.67915525718,0.0044394950341741,SciPy,Timed Out,1097.8584144115448
1511867.5122236395,9.332050025138292e-09,1.7596015366611182,0.0020700076609897,514057.2529379566,2.7918269550214542e-06,1.5291489127892932,0.3259363584682962,0.1096370344992617,262.4798391628365,99735.17494087122,0.0016816603382191,SciPy,Timed Out,1054.5537395477295
67145546142.02636,1.0999124253016237e-08,1.3565215045951124,0.0273807511979561,371105362534.1704,1.8161634045725187e-09,2.842386126156863,0.0361933306280636,8.508687291486504,255.4860349987444,95624.11456003482,0.0009878488444448,SciPy,Timed Out,1033.9363462924955
4663984.265100913,3.761200617902322e-09,1.9729462223548175,0.0472822256193015,905456.6056998624,4.974252377863321e-09,2.7670730360609856,0.1758727994604592,0.8573110387511905,248.02218141945076,76188.89093174519,0.0006463470016227,SciPy,Timed Out,1031.7985005378723
27810811370.79565,2.499106150712861e-09,2.468281960763912,0.1038143674056549,1591055.185758249,3.5053641220227268e-06,2.388560145026643,0.2471938871209124,0.037842699641531,299.9435522615641,96412.30448696596,0.0233460973197172,SciPy,Timed Out,1084.9989795684814
493992800.8665434,1.1671543110285203e-09,2.68146884562794,0.0235972038426151,1808029579.772341,1.6299330356426365e-07,2.184675653257363,0.9690801153467712,0.3097332413330803,248.72681683299476,53933.12986630719,0.0009732155358812,SciPy,Timed Out,1040.203108549118
7329961.9039905025,1.7741268145844787e-06,2.2917140012345447,0.8033033566198255,99778373.49007204,1.1735675444190883e-09,2.277422533533815,0.1466843011214064,0.1518031550691298,299.318408174507,65448.23052811266,0.0336796523848745,SciPy,Timed Out,1045.3794655799866
1074698.3001791188,1.071894323151084e-09,2.195053568778271,0.127299224945097,351422.9522324725,4.2608960803580873e-08,1.4571531471154129,0.956161389159894,6.683060473992737,274.98569274048816,91735.0710676671,0.0047211211637407,SciPy,Timed Out,1028.4787328243256
77532889765.43758,3.5136028128149203e-09,2.711009918716736,0.0682068036075605,1443216.5846633394,8.662029881934398e-06,2.6998167951733,0.4088030565128017,0.0598436651226629,287.53204189343245,104266.2258410666,0.0098357626783775,SciPy,Timed Out,1065.215140581131
278379.0043796814,5.384924335693051e-09,2.47457325608005,0.0102299838221306,12505.63873349064,2.9735899099260805e-06,1.659336478528905,1.0271834821503767,2.06786329322394,300.61869350413065,67502.85868042517,0.0353341764575119,SciPy,Timed Out,1032.3108248710632
92418.16085209696,4.807663718736637e-06,1.6744097750531892,1.346698425648928,2859335.4652289785,1.2615400749826464e-09,2.0023192323674226,0.0189788296671387,1.1327895003644757,282.1407981217137,62308.46767706736,0.0115569015135628,SciPy,Timed Out,1035.2147362232208
171943977.51327848,1.3222024188540524e-09,2.628933874082427,0.2255556668020345,4310505.381472585,9.53757279921262e-07,1.2942523616203367,1.3291999909709773,8.30186947250841,297.4863857629546,61539.07814931115,0.0320444544576752,SciPy,Timed Out,1033.157693386078
1042967.3893474326,1.6726605594661392e-09,2.0276292785085634,0.095991308985967,4534534629.354611,9.990307195706615e-08,1.34459209906493,0.3149162057891054,3.0977219305069346,285.4080498294314,88260.24206409616,0.0101207967905738,SciPy,Timed Out,1036.9917314052582
8019852.125339699,2.066332946386289e-09,1.997814164532696,0.0498071680263676,1491775433.4243646,7.954708817219193e-08,2.657380471014905,1.4646351248068183,0.131177643346046,285.6101557737709,62678.04983978525,0.01454327264262,SciPy,Timed Out,1041.9533400535583
1721268158.7070384,1.6486636939405013e-07,1.926271117257024,0.8809371701014661,79345119.10295454,1.4336185964043435e-09,2.681565236690148,0.2920440890613793,0.0661800435656703,265.28468238276463,77658.28526525968,0.0026965883640849,SciPy,Timed Out,1075.7111554145813
37069448.79100258,1.0878451520174954e-09,2.5964491452154577,0.3602915526660926,13870016.449839866,1.1821604346827515e-07,2.459876085946246,0.7747991445821538,0.013207561206408,280.5407030174559,72768.07734563999,0.0088377758938455,SciPy,Timed Out,1057.9871129989624
246584.2635049947,1.863993608460146e-06,2.151071878324018,0.1418412082769067,22081660503.96619,1.3153942613019604e-08,2.7910374503880204,0.0186536378709052,0.0282797736169206,251.05098950336588,94236.82956961956,0.0006840470983973,SciPy,Timed Out,1120.1287529468536
4259530.908696177,1.6715248444575982e-06,2.9895077741864733,0.1105664294541481,153583952238.92175,4.464327379886002e-09,2.7562267892109125,0.0868528228716218,0.1902769032891124,293.72160810378506,81047.94029142076,0.0189724447049665,SciPy,Timed Out,1048.8854925632477
1695670987.4720628,2.284514140733494e-07,1.4207167989089318,0.6318981194873967,1904301646.675052,2.016535189610685e-09,1.989459712280104,0.0056031013881217,0.0252665167313707,264.01695575566674,60935.6127074846,0.0031149047706861,SciPy,Timed Out,1135.9849681854248
7419729519.7276945,1.159268854856662e-09,1.975626860001288,0.1085524550662091,444289004.5003528,3.0624496849306155e-08,2.628753941316773,0.449966158373479,6.552999543047558,285.756497702043,79880.84233950943,0.0114657184267015,SciPy,Timed Out,1043.9228830337524
60897441.8569324,1.588902335637758e-09,2.613468715542737,0.0357587879458972,386009812.5818624,1.0102924210041094e-08,2.205012994948832,0.4357808870734064,4.633048620560091,289.15428030457633,51571.72565143684,0.0225135645322199,SciPy,Timed Out,1033.3740804195404
1996314.7817210704,1.2217520642272605e-06,2.4834021722602038,1.45133693103369,752106.2967325681,5.244123003200884e-09,1.4349856346665275,0.0120376327084316,0.0247374659360606,282.3402816738069,85205.6497658753,0.0085247615462361,SciPy,Timed Out,1157.3251736164093
433785022.6475051,1.52749646999374e-09,2.2767977719057715,0.3456978277609664,31911198.57065292,2.6644120104534157e-09,2.838243104265392,0.000961525258784,0.1364230316471551,307.774165673398,61915.82464254621,0.0600519329608213,SciPy,Unexpected istate in LSODA.,79.07776045799255
197284656.3431253,4.502845884615929e-06,1.5617232455310703,0.9357049159922318,674231763.3896354,4.648208421322335e-07,2.4583207747986577,1.0889603717503031,0.0101024842907529,265.9837088643076,57564.01887250828,0.0038472684786815,PySDM,Timed Out,1005.0519971847534
3329523.667650603,1.121154053762129e-09,2.680125769244316,0.0787267190484181,285485.9812183713,8.335875810518904e-06,1.251743323868013,1.2769176036592602,7.0476922120979655,250.0911772220169,78522.94601462124,0.0007544700415666,SciPy,Timed Out,1032.5476269721985
69589.00176658243,4.192134121911688e-06,2.393883857912338,1.2169778897069454,10780077.21165542,1.5829063943887431e-09,2.89302022855227,0.2213231771783173,2.0919044810486143,258.0998068438398,66209.71659176506,0.0017767777519933,SciPy,Timed Out,1031.8979251384735
30547019.135599863,5.155320639962356e-09,2.84960542977627,1.303597794342033,737949958.2082518,1.1518949836799411e-09,2.5998930503417625,0.0840315141755475,0.9012810322693868,304.92920769859694,61411.74196449589,0.0509423490293751,SciPy,Timed Out,1032.3200640678406
251167976.5462128,7.554652915500558e-07,2.959475922554573,1.458337768519248,340049009756.7444,2.8486325812939436e-09,2.587894500888636,0.15605299728341,1.1100499351732067,252.39963080611565,73218.85221251354,0.0009907706333327,SciPy,Timed Out,1036.858723402023
15518846.983933344,8.608399959524513e-09,2.979908650792109,0.0544309312620241,3717357.124222644,6.218383351422793e-06,2.553379790559428,1.4478270417155694,0.451962865004492,256.05004501215683,91912.69687478176,0.0010778805098381,SciPy,Timed Out,1034.7434904575348
51656706.97367372,1.2134725879138876e-09,2.891463182353373,0.0030701253166353,563924.9753113337,2.8813527977339225e-06,2.324493044105572,1.073436653490648,0.015803745625041,285.5541714726645,73228.7496970964,0.0123596478510729,SciPy,Unexpected istate in LSODA.,58.615232706069946
16965799108.865538,1.246019817923448e-09,2.3497011276093818,0.136387731666095,20370183.825889517,5.200119170552152e-09,2.3121735252330504,0.8562313078180324,1.6475961227219005,305.01604927294824,69416.02614638259,0.0448821501211865,SciPy,Timed Out,1035.8250403404236
14135142.490294963,1.6771358476376787e-09,1.99273006316188,0.1463710372073682,6242664.858482955,7.263682448741304e-06,2.559772159419407,1.255697910723614,0.0453012980684006,279.8246451607304,94148.8431317937,0.0064789294865376,SciPy,Timed Out,1050.5723931789398
423962.1582303852,1.6428947957610866e-08,1.6293804430860188,1.2570906033130342,475717002.61717176,6.440713155262176e-09,2.5364480344968463,0.0145855505997078,0.0139729173017803,284.6088580233233,98397.41066297852,0.0085908943372919,SciPy,Timed Out,1223.7486369609833
309.53834927292115,5.301653160493017e-06,2.496230510175265,0.7843445586231277,83797508.63714977,1.0208385870511118e-09,2.8846151846488017,0.5553475948692081,1.9330943001179943,279.270389601853,52133.62647170997,0.0113488294489204,SciPy,Timed Out,1040.2656643390656
554732488.2071035,2.159162050366138e-07,2.8233405020410105,1.325311681132057,28625345.98289809,8.897895169141426e-09,2.207813914708105,9.202586881781028e-06,0.3012855453977922,280.29615055279726,76922.37794459803,0.008213485079803,SciPy,Timed Out,1042.410001039505
151760520.43246287,6.793647929176408e-09,1.748801687734058,0.4145404669107611,3611812723.489051,4.705315746528743e-09,2.761356499496657,0.0624644114401667,0.0131988071001507,276.4895400411856,94588.3354658484,0.0050989445884122,SciPy,Timed Out,1169.5099320411682
165593895.03327242,5.131718826585268e-09,2.172431632848393,0.021426293768507,515403.3435506948,2.812328485231877e-06,1.7058784379336367,1.0317537724080528,5.898219051098467,284.72355610878753,93380.38491866869,0.0091292139190568,SciPy,Timed Out,1029.7132999897003
302013.0572194339,7.96311402270169e-06,1.5465188927019908,1.33644348660383,294044328161.2194,2.083972487822294e-09,2.911443476088159,0.0364175624968635,0.0674512858269797,284.14235466042373,84685.24071445971,0.0096947327585244,SciPy,Timed Out,1079.0651245117188
1791269.385165795,2.430144499995255e-09,2.158867995109252,0.1050430698980038,546.8509300441476,7.609601256462333e-06,1.3949434303676906,1.272689832871181,1.0182621989271023,250.2749320561044,103775.02109384816,0.0005800659720678,SciPy,Timed Out,1032.2453050613403
15873706.68245633,8.633606192984431e-09,2.9136168530053856,0.0579288048602476,4051745.59157108,1.3491482014313234e-07,1.8274267752843485,0.1994911978973078,4.172067065563191,301.581129148098,82125.13976229249,0.0304902044047101,SciPy,Timed Out,1034.1756300926208
298329.41310410347,5.774538206019234e-09,1.8537107435261,0.4426069661021931,27155395.5718156,1.6018790269542826e-09,2.717337557887113,0.1001666748216177,0.2193267370005716,252.18049733999155,89454.7519557786,0.0007954229770234,SciPy,Timed Out,1046.0580332279203
4531999416.819277,2.43240342196369e-08,2.605581671995808,0.011322424451141,60397173609.830925,3.64980338812064e-09,2.2104213749941763,1.4515568577089557,0.4417104039682164,263.9010921483676,63634.28954296378,0.002955035646916,SciPy,Timed Out,1034.2619392871857
47687956.76280395,1.5842924582520087e-09,1.5101261935714303,0.0491409684011967,108592543.8867946,8.07926988180947e-07,2.27914451886955,0.4090830482771033,0.1792108586290832,263.00745793857084,65421.60033462578,0.002677543301202,SciPy,Timed Out,1039.6602265834808
813542.2910078728,2.041318381625634e-09,1.532650352727145,0.0158176663427087,1274.3565958973566,8.519773842207425e-07,2.0617854340910093,1.2601565264201555,0.4421017002125166,306.6298517584597,87264.08209647177,0.0387306733400969,SciPy,Timed Out,1036.0625448226929
266187.0649970093,6.413356641711028e-08,1.3450054977519177,0.340286087564514,19378500.409408223,1.5431544766765631e-09,2.958349945394272,0.4214327681970924,0.038908754703183,250.79965853774763,73849.40120743796,0.0008540699469918,SciPy,Timed Out,1116.159502506256
17085.184503148805,4.0607826440376585e-06,2.692714897994675,0.5282821945893907,554198329.8699715,3.279895692859244e-09,2.605964196031212,0.0403967335704894,4.696555212268571,299.7832460269674,72041.49135599927,0.0313340774558664,SciPy,Timed Out,1033.6626102924347
1525275398.479231,2.7582469918116435e-09,1.9538024203516,0.424988396989192,163531411.2503991,4.880498004463279e-06,2.0766193728786866,1.2167577468454582,0.0159074967760015,299.7914757689573,55691.66342262652,0.0411628979816691,PySDM,Timed Out,1005.5106530189514
16749.725240999076,5.749450077720668e-07,1.6639355639692923,1.390525132697822,17610707919.428844,1.1275046579658861e-09,1.498122206563178,0.0309140893065051,0.6950906331241152,295.45771401402857,55597.953746332045,0.0313510153938685,SciPy,Timed Out,1036.3664536476135
65410.9881391168,3.739565471796975e-08,1.4636318904667531,1.396768285479652,952088.8585588564,1.4250199397759123e-09,2.85156261743645,0.3015311739305122,4.350961391840138,298.9415907274972,83886.2516723313,0.0253726564080421,SciPy,Timed Out,1032.7063970565796
545254.8741226153,2.2408363085960677e-08,2.777233160890224,0.0016631273845683,30007652.84116231,7.06020293055306e-07,2.294799747684327,0.3002450602674656,0.0133348070667149,251.46255480818556,92728.61052780376,0.000720723742657,SciPy,Timed Out,1173.3098726272583
22522941.516816054,1.4436537268368518e-09,1.998896673967273,0.0150276258995949,5269.3823543936805,3.371758390209461e-07,1.8648202958582765,0.5607803199082255,2.0234304491607347,264.62534432658487,63700.53390132867,0.0031250894163737,SciPy,Timed Out,1030.3117978572843
4155704.553543855,1.3881136253436174e-08,2.611759068974209,0.0071213928225643,81795868.33512619,5.5855728718790205e-09,2.3945647413216617,0.1648785785022254,0.0662525896687522,274.8895292397478,89617.60818289797,0.0048001014685487,SciPy,Timed Out,1066.5434739589691
7313160151.977961,1.0239176817825102e-09,2.55658642449578,0.2707106370770845,13415.252534810215,1.1817485257593873e-07,1.7239141789251335,0.8865577233654025,0.061392829875259,248.5125573881529,75233.561946161,0.0006840907567908,SciPy,Timed Out,1064.011019706726
3738239.7829380273,1.0675897869881338e-09,2.681630306598536,0.244953359230432,6497.303991212471,3.454169657219e-06,2.5202092181338136,0.4360905117950774,3.1981677476134225,269.7222901556162,59558.96569076111,0.0049487484007674,SciPy,Timed Out,1029.031442403793
7771868.792546261,8.503234523046175e-07,2.923915127836953,0.8609908695746464,6851402.947682877,3.6175795200463294e-08,1.700981614498023,0.0048195846992195,0.0127763565915194,259.76746945446973,65868.31157358842,0.0020484190471811,SciPy,Timed Out,1277.5884590148926
1125.125970699777,6.7675438924085405e-06,2.8673441395579817,0.4070970929892845,3848456985.66536,3.8997903049839794e-09,2.9503194485121567,0.0185679888085714,1.7270995154202464,277.29119361902144,54655.97076376712,0.009401369604135,SciPy,Timed Out,1035.291134595871
17619752900.0768,1.0261122395426584e-08,1.387302424034671,0.0052473600419999,145982.9925583075,7.71651408571304e-06,1.4702148469937364,0.0189423029777536,0.4388294429686304,285.0438804527262,86382.54903285325,0.0100952532114444,SciPy,Timed Out,1037.0895516872406
9575.898356213844,7.913340428999022e-07,1.581010561582724,0.4250104300114551,9333927942.080853,5.150042132099075e-09,1.88755104772009,0.0003015873941874,0.1345350926058484,249.8937438500133,93749.68101652407,0.0006208469882916,SciPy,Timed Out,1062.5346472263336
214719752.6104737,2.588330434022941e-09,2.7520421645783006,0.1130287934696586,110146901.4969016,6.506080703435111e-06,1.6080541282972975,1.4933387218547782,0.177203844401202,282.1833204724955,99678.09146338192,0.0071950647011956,SciPy,Timed Out,1045.630485534668
3488049.891070075,1.529335184925715e-07,2.021534414063906,1.4214377562416436,279387943.64014405,1.8371710797210164e-06,2.754727114655224,0.9318650087439084,0.0112149831893602,281.8104965192068,62960.911707357904,0.0111778118116363,PySDM,Timed Out,1005.0311532020568
29735.932814318945,1.026063755138283e-06,1.9726975497073425,0.6367295789747202,182045481.1006696,1.3663528301587624e-09,2.773357005496175,0.0567486556732985,0.0489923378109485,300.64569088114246,68438.42007825735,0.0348821552936075,SciPy,Unexpected istate in LSODA.,44.86978697776794
503816714.94722986,9.4680937096932e-07,2.3099847964897027,0.6349313618955992,2173625791.3982987,6.8340000735282635e-09,2.2135973016925643,0.0035545530844973,0.0312875288486451,275.9730187073291,53715.8310959197,0.0087058061285631,SciPy,Timed Out,1130.6920285224917
1051147644.7950315,1.949688684914499e-09,2.982816473663507,0.0856445611333938,188082964.6793536,3.2861893294735496e-06,2.412736507439682,0.1155038673441226,0.4118586144781197,291.3233696122997,70049.26933216145,0.0189082806831827,SciPy,Timed Out,1033.6202721595764
85402411.4990061,1.2104127862752551e-09,2.6128426131655185,0.095768463434444,95919204.92186148,4.182336877948881e-06,2.241362879607152,1.374359826770529,2.828744697956186,258.01340775548147,96905.56305726152,0.0012042292667875,SciPy,Timed Out,1031.294075012207
1947684.796970029,1.99669901996762e-09,1.9937232192563317,0.879284421515653,15989920.340233345,1.261239771860439e-09,1.27660572937031,0.0252703689484641,0.1356812410371278,263.2041524809053,98128.88623894504,0.0018105618806555,SciPy,Timed Out,1053.840709924698
22189.14047363317,5.299278544285185e-08,2.569921253107659,0.0023109658791186,92222447.03339373,5.705613662526912e-07,1.537165605652207,0.0406461287497391,0.2872766011112426,305.7412678102713,63573.68819427032,0.0515635435892918,SciPy,Timed Out,1039.1858580112455
4391704128.883726,1.2379081623964971e-09,2.932336617625769,0.0062590309171229,1349668.4135055672,5.092410839164946e-06,2.135958903726504,0.8658538823441754,0.0392158768278421,275.7829110191717,79393.40274784628,0.0057841773577288,SciPy,Unexpected istate in LSODA.,55.85480976104736
83315276.89669012,2.251980527216931e-06,2.2362175007392318,1.1448919251647405,55406.98320838941,1.2304545009584492e-07,2.2459224731714467,0.0016188035634737,0.094443555262429,257.0864938444129,60011.05509393392,0.0018024446523948,SciPy,Timed Out,1066.681164264679
189762989.28750736,1.218472107522124e-09,2.901843739645992,0.2412138406623433,345772.64703994687,2.787021562987816e-07,1.6109357482519693,0.6331840825055365,0.0125293626331189,304.0336563079064,81746.80060706353,0.0355409137556498,SciPy,Unexpected istate in LSODA.,47.0043830871582
4473911.334858539,1.2216723184592466e-09,2.3151095774533954,0.0193879982325966,2528.510215286188,6.621572509772875e-06,2.707339545012836,0.8422192440388873,1.6313876010493027,254.42951002151696,69785.55238175986,0.0012381110261147,SciPy,Timed Out,1033.94588637352
219713.86992762965,5.319216453026117e-08,1.848878170434324,1.1726548574324105,7724311.656185111,1.2120007389738603e-09,1.6450114625140242,0.1174926526122744,1.6403248424702066,261.4624976045251,64953.2304500927,0.0023833802709513,SciPy,Timed Out,1045.7771909236908
1348409663.8789363,4.6593443354601024e-08,2.2715614156076365,0.00578002962573,66136002.39329429,3.367794215648084e-08,2.0122475169185456,0.351252663267919,0.1081376849357637,248.01796770045917,55496.06582492415,0.0008873571773818,SciPy,Timed Out,1051.1498200893402
133546874.88181064,1.4025501238409114e-09,2.407246244945717,0.2961327742425779,5741757078.370234,1.3178568952647597e-07,2.854912360533013,1.4584621207773487,0.70561742090745,262.85571124366203,75586.46485974545,0.0022883536410248,SciPy,Timed Out,1047.503065109253
1393096906.180646,3.601843972538227e-07,1.756876531960601,1.3168092034709755,1825203.751871654,2.967906633332314e-09,2.160043377089895,0.095043244256466,0.1204766935754792,262.7781066401532,53601.268350161954,0.0032119016144277,SciPy,Timed Out,1071.342964887619
297519.5873748944,1.1936931689340292e-08,2.1390973073595823,1.1197408168825165,41238061.50937384,1.7242617550677675e-09,2.9743224637727685,0.216602096978295,8.323101824123164,301.9130224164178,65201.80234253096,0.0397024182024067,SciPy,Timed Out,1032.9416835308075
2745245.308883609,6.322774443083343e-06,1.4435991228971985,1.2472475858747565,24395081.53702331,3.275384731898969e-09,2.0222614392775005,0.0844832869335513,0.584563294751392,259.8630476251885,77550.66596804034,0.001752588075135,SciPy,Timed Out,1039.0215179920197
177945075.01284966,2.243449826238624e-09,2.146448010052538,0.1256958252851453,93553930.9853497,3.532687267835304e-07,1.2966523159428007,0.9548083811954708,0.0783758194793178,284.7524870697084,71264.37661064196,0.0120405618992218,SciPy,Timed Out,1060.6790018081665
27233022.27449964,3.532689651550424e-09,2.041895606578912,0.0319668277468942,39831.8557148325,9.33438462659586e-06,2.392322823706529,0.3170238042139561,6.194118981891055,258.4138406924689,100769.60940480424,0.0011969124581134,SciPy,Timed Out,1031.7901735305786
6131825371.044878,1.8005177654642276e-08,1.367064288513183,0.0007200328597101,425104672.9528273,4.064400322922776e-08,2.7554784867536526,0.4288979976412994,0.1606456757929951,281.98806168125776,66320.03600875815,0.0107323666955606,SciPy,Timed Out,1043.5180158615112
72485.43334675577,4.461413914388941e-07,1.330699770630881,0.2263734809824851,311473155.29738265,2.9382157560373995e-06,1.9821297953720916,1.3231484626623613,0.0132145167698287,295.4106902696987,59430.19879108944,0.0291470028531593,PySDM,Timed Out,1004.6943278312684
798233388.3304232,1.2900464647612958e-07,2.985614777389234,0.8884253716392546,704409.8398919621,2.3687815529199052e-09,2.4779300626746408,0.1120240080494335,0.0836169313125922,272.2756305486796,88303.25758428327,0.0040262164124145,SciPy,Timed Out,1059.2213938236237
18681008.12628949,3.252211434971029e-06,1.97978460909478,1.1937137222555587,194573020616.9832,1.66123762467601e-09,2.451834834581572,0.1151071649391703,0.2769170498984064,299.8920853879873,55594.46515505175,0.041500530613153,SciPy,Timed Out,1052.818251132965
566482.8073615024,3.352805042570132e-09,2.0997768157766448,0.0672951976440954,4588811917.597477,2.0567476322757966e-07,2.111567151346869,0.3764489923500945,0.6282479979096904,279.68204697026795,100512.3115856408,0.0060049165038983,SciPy,Timed Out,1044.241292476654
4571259941.375418,1.477670031379119e-07,2.9234801409612894,0.8228109471974832,4422025239.014776,1.319474005874963e-09,1.802454470733442,0.0923874463561067,0.0318071893052096,302.56440851782355,100755.74367990348,0.0261295069480689,SciPy,Timed Out,1121.6881620883942
987713039.693757,3.349405822472899e-07,2.1043266997085817,1.0633315444525195,30370094.14122732,1.7893730654401255e-09,2.477028196866388,0.1299033779521304,0.645742585351613,251.28638222694985,69737.12738998348,0.0009440216151343,SciPy,Timed Out,1036.6636273860931
2906252.2752604885,2.341486667687031e-09,2.796429723122621,0.1361870553918835,7054112415.22301,1.7627640550764586e-09,1.7062213668823516,0.1359895985764443,0.0773612246078027,285.1107495646531,82921.70714324577,0.0105710292720491,SciPy,Timed Out,1048.7707262039185
63365942.91059798,3.3862765187372933e-06,2.3994546179130816,0.8419732566093199,59422083.75934612,1.8039766451188006e-09,2.703126553776774,0.0545598730706302,1.444091906419782,287.75136176075864,57208.70052132832,0.0184294818786191,SciPy,Timed Out,1029.624098777771
67783.78049837312,7.090954957876255e-06,2.037260114714109,0.4126812796184842,4088722.579592186,1.0952598133926496e-09,2.4415425668601887,0.0028457733632423,0.0744276941174055,261.44661190921227,98965.93359536729,0.0015602060477456,SciPy,Unexpected istate in LSODA.,100.62559270858765
70488619.60069105,2.077612291665909e-06,2.884009377947666,1.364673265860189,314964177.8113221,1.6555544701677243e-09,2.517746567602069,0.1037100169737205,0.9382286683764728,248.2211951880745,58303.07421925984,0.0008601881929069,SciPy,Timed Out,1035.3919143676758
107083558.42770734,3.69537701294172e-06,2.6020173818871504,0.6303864587586193,51469.20422669197,3.530850548924569e-07,2.222073243154022,1.0090073911339368,0.0135711066753059,309.31695604307055,85743.48816133081,0.0462542106630724,PySDM,Timed Out,1005.176282644272
643458470592.4985,1.0135289802211955e-09,1.9816864704106043,0.6526575032679615,1138900.8161577373,1.5703630231349235e-09,1.6134514757246312,0.0054752586242008,0.245052941657833,300.6596991975984,85178.24167403794,0.0277449760094313,SciPy,Timed Out,1039.057456254959
183103364.34643564,1.981133943550429e-09,1.8202677601138024,0.0204104651240673,445822577.4489445,3.5806318368206425e-07,2.6642071098828364,0.8040592122574577,0.0604303032565489,267.73929889135,76456.73033339361,0.0033108006475078,SciPy,Timed Out,1057.6812081336975
1038912.5143850358,1.4509190490054755e-09,2.943952565404623,0.0283310469794752,2197141.633752711,1.8398869162197518e-09,2.763988264740848,0.8280190134585961,6.403648076268152,258.57156635465844,74805.85575010485,0.0016345411258479,SciPy,Timed Out,1033.5394096374512
1513027.0827044568,1.2785207459876902e-09,2.782939089722668,0.0061979567988002,652857.7605003099,1.5261925048854584e-06,2.3132852118148177,0.9537229400442696,0.0178920137698366,291.89413696982893,69559.22386485683,0.0197607116264355,SciPy,Unexpected istate in LSODA.,47.13660073280335
1037626623.4576118,2.3344226815437012e-09,2.761697594680677,0.014351085468498,13846392761.590242,6.640818855177685e-08,2.864738122398184,1.490315816309345,0.0345836886611869,260.3616252270508,91349.04122033648,0.0015487654998815,SciPy,Timed Out,1079.5896909236908
3138606.0343680265,5.729177927303185e-06,1.484045732951376,1.0075099033308763,24842995.671073668,3.165183823330182e-09,2.057415650063538,0.0555579719831695,0.1129254290822106,278.4410901901681,101934.13656173652,0.0054286029765585,SciPy,Timed Out,1060.7752606868744
3471516710.9225583,4.850781009371535e-08,2.9844651533116267,0.4976390285070737,607903.2599728929,9.886687991425897e-09,2.9218339790371424,0.0019420142965598,0.5493869654912389,278.5389769602806,92841.24966162047,0.0060065381290148,SciPy,Timed Out,1039.1883127689362
127665.08778934865,1.9725118654464213e-08,2.815048105160724,0.620810085894949,356284846.0123168,1.8379321985280143e-09,2.514134374075895,0.0167593161898602,0.0147578529743455,262.9761504058568,94868.86761712431,0.0018393922323131,SciPy,Unexpected istate in LSODA.,239.47192668914795
5151.511262870511,3.077954821966246e-06,2.3641181748282816,0.5315666751220762,411786.7070023995,2.8231470407368134e-09,2.721320973160087,0.0012171826799929,0.0639862441778209,253.69621259199823,100104.99124674962,0.0008101347837036,SciPy,Unexpected istate in LSODA.,106.6295042037964
458026.761937198,9.219072391666752e-06,2.1721759628925126,0.7885493635473265,12545364.567160398,1.4480705339315876e-09,2.2247798998635,0.1669204423915392,0.1530770461463557,258.81572455800324,103135.80885948238,0.0012087389560116,SciPy,Timed Out,1052.7358169555664
2312444354.2525826,2.9419440870615493e-09,2.088113252062836,0.0664608334857929,428764936.1581709,1.7767076426537054e-06,1.5653495683097016,1.3528090475168169,0.172628926191983,261.1030582189026,60446.60359289224,0.0024886111116858,SciPy,Timed Out,1043.1006047725675
113102421.56143156,6.386386275084934e-07,1.4177822835888312,1.1645704003513695,8048947716.069148,3.158229290767035e-09,2.2803999653558416,0.1056671581547681,0.3161128172249861,276.2610951713203,60891.1769118564,0.0078275636525132,SciPy,Timed Out,1039.1736624240875
93403253381.38731,3.3450914156068113e-09,1.4402160537459177,0.0168604529929819,233.04795154924,8.01602798374191e-06,1.8823428816679293,1.0703790575617185,1.6870254069023751,269.6555752844719,66371.12632181152,0.0044149460791259,SciPy,Timed Out,1033.5946629047394
106704479.68203236,3.427739066892485e-06,2.7120671056986283,0.610550263955115,75887275.6616993,1.3305931350783436e-09,1.527382950020708,0.0494242860091916,0.2831174946200924,273.62791232161834,71233.12576316923,0.0055206807340994,SciPy,Timed Out,1042.9320442676544
8505507.429397546,1.5726168247478434e-09,2.093456984723514,0.1210420132252794,1994462.311184627,4.161805339780784e-06,2.7854985807589587,0.9349397561112592,0.570559778327545,248.5177009472156,60130.327979301816,0.0008565493853647,SciPy,Timed Out,1035.5330321788788
14528510.803902028,1.031160400218726e-09,2.0115685775674104,0.2604644161515276,3753186885.105967,2.3247436989612693e-07,2.2323168277317427,0.6851739860721356,0.8246734476474311,254.08350740987308,53689.32310500951,0.0015633083450127,SciPy,Timed Out,1029.785353422165
4127003.199754405,5.621315576860099e-06,2.908323083365489,0.2542200341197956,1558467094.29347,1.4954884976082252e-09,2.0284619807041544,0.1065402746730922,0.1555624017295551,289.252586242604,74584.24914847981,0.015494479401775,SciPy,Timed Out,1053.0718095302582
21744823.513616785,7.437683857069657e-06,1.7068581983503797,0.3984103483442192,130928458.65204172,2.8497755307641373e-08,2.5575145923267364,0.0038846264635548,0.0455143077493243,261.31560162825144,50678.93809701183,0.0030219765828733,SciPy,Timed Out,1095.6078901290894
704585.9214575039,2.552098048092038e-06,2.190233910527247,1.38889350690504,12974603.345478635,5.635428281219621e-09,2.9235520947411,0.0537743259806613,0.0210517138820509,251.828139400003,79552.43223512046,0.0008675337888335,SciPy,Timed Out,1210.6028547286987
5785081200.887014,6.2376207617553e-08,2.130844509812308,0.7956456873757365,1542821.1478382146,1.6434425637807616e-09,2.874702856410574,0.0876829337515862,0.0101198564476716,302.6328217121232,87490.29530547312,0.0304095876114268,SciPy,Timed Out,1041.3666336536407
67479706311.26592,1.421056393658858e-09,1.502364012847895,0.0229685242721154,914501.5426359476,1.1909681361696596e-07,1.6928297976160085,0.4760987911395586,4.162973145424137,308.9093071699851,60246.164571987545,0.0663065013710266,SciPy,Timed Out,1041.8811089992523
29259557.670794837,1.6996705472752252e-09,2.8570635295772533,0.0631462314400977,1050511976.2523032,4.890001843707063e-07,2.330391809767049,1.228136016041644,5.104004449193164,258.7055368241841,101138.88814857672,0.0012215336721226,SciPy,Timed Out,1030.0448286533356
221063997.74547476,1.7682474499829056e-06,1.5657571264124406,0.185675759781573,38521230.06846448,1.5228910014184198e-09,2.888030563392114,0.2707470632536261,0.267243944487337,299.2795082545089,93728.06913729956,0.0230845908970966,SciPy,Timed Out,1029.8665070533752
30612555216.857166,1.86213608467744e-09,2.85829967058248,0.1442241115514175,281.1105922935575,9.457115576422711e-06,2.500701194309995,0.5985447624888834,0.2141441363895698,272.20536460087624,94349.87302944378,0.0037471716500151,SciPy,Timed Out,1041.8511590957642
62387557990.50427,2.735112819747368e-09,2.686142131163468,0.0076206636035843,36815675.24974174,1.7791590549542545e-08,2.365155532574785,0.6653160164574063,1.17598315869753,308.8208657489203,89037.06860719185,0.043145523805064,SciPy,Timed Out,1028.111277103424
40562448.14115474,2.4369031417058363e-09,1.2565808122136737,0.0217933380749427,184528.5986821424,5.149665906665191e-07,1.4197405968707204,0.4501029765289479,7.725971623207792,275.7599271980937,51198.85033018712,0.009000687928818,SciPy,Timed Out,1029.5452935695648
4641936.961217233,3.631943842461228e-07,1.952853294927436,1.0499776145900033,3034233544.630436,2.0345977243434594e-09,1.728784865221951,0.0336642175893004,9.754326569237262,277.9371213645454,71933.29564416475,0.0074509437023409,SciPy,Timed Out,1028.866090297699
964438213.0952857,2.175408502488805e-09,2.9816755993640984,0.4163197608203564,43332021.07005907,2.133247408422896e-09,1.3364483941477734,0.0234726259178505,0.4725457768099333,272.3402056208528,84079.30532490388,0.004250040652552,SciPy,Timed Out,1036.5471613407135
54451.2690591153,2.8344650764363826e-07,1.818477825805631,1.3971206232562945,2468850054.24026,1.6689823341635723e-09,2.484913237214045,0.253644180270357,6.036489267726952,273.08218123656786,69608.30846578181,0.0054293727946431,SciPy,Timed Out,1032.0311648845673
4133933.1495535937,1.1713472300652732e-09,2.794117975821546,0.1389105245573963,23862.89006736624,1.775050298494145e-07,2.8437226070532704,1.4148182873264257,1.4683329123077375,262.3967325466164,90806.83661044642,0.0018352887223696,SciPy,Timed Out,1030.6261641979218
2196377.438266017,8.656851178188822e-07,1.3305194149691806,1.4317151250656428,1792830.1598304408,1.0015825072026739e-09,1.853641219578788,0.1916226746041266,8.33883964279488,277.6637765879951,104109.08134860743,0.0050312275327945,SciPy,Timed Out,1034.5394394397736
38765168.7481435,8.932900646865107e-06,2.4070824776192588,0.9858449983410512,69534928.87861392,6.237755447665722e-09,2.523693472395121,0.0417165626690762,0.0828205424475836,267.2303288475277,98974.63997666496,0.0024568790950097,SciPy,Timed Out,1060.277095079422
1786112.1034884292,6.845743362801381e-09,2.780099716520274,0.0516866871968642,12285102.332858946,2.6939813737226688e-08,1.631624034897175,0.2636556391485371,5.19140512850822,259.8928008414829,50829.79758789434,0.0026843913925354,SciPy,Timed Out,1026.8988666534424
29283.346219871222,1.5167917590638486e-06,2.432163821122165,0.7978281134426886,492834.403147513,2.0609872676236006e-09,2.7364022707064355,0.0304946537389946,0.0869105115134906,300.3118354137594,80302.58042454616,0.0288875772050329,SciPy,Timed Out,1062.3575661182404
301437115.09154934,7.265336844031131e-09,1.792294980584172,0.0213634093335346,282716023.275954,2.1991698338724136e-06,1.6860894639762825,0.8340761974345924,1.3813911976584947,289.2078840689118,73235.73706282611,0.0157409202594419,SciPy,Timed Out,1033.3719289302826
308923.52975017583,4.33194093309505e-06,2.804451440263616,0.0861321281038578,160428568102.22623,1.3841718160547503e-09,2.4788923684470414,0.0783547760183709,0.4459027107287672,250.22523063574545,104322.52894939166,0.0005744888229712,SciPy,Timed Out,1039.595722913742
5095.074684161536,1.5265683103763509e-06,2.1007332702947497,0.0507523465945198,118235599318.53476,3.025974062872669e-09,1.6033166025763106,0.016628879463872,0.0379287454757835,265.0416422470828,53568.45043342005,0.0038431401815324,SciPy,Timed Out,1115.8967282772064
41846445.10683975,1.340694575326237e-09,2.0537837587271444,0.0151951808031496,593118019.7248323,1.0219832738342974e-09,1.3163572226544875,0.2636024858487212,0.2902656047734621,268.1692951217582,62501.82828078386,0.0041902881144789,SciPy,Timed Out,1043.7474536895752
2239166.657489932,1.1657717765278398e-06,1.5015155746606148,1.329979223497793,115717690460.97424,3.2348453796105133e-09,1.997833396091452,0.0459312644658519,1.011400567255993,259.28568100471887,94165.36492050892,0.0013761828688775,SciPy,Timed Out,1030.1344332695007
126468796.70193516,9.145020121205824e-07,2.549122908739374,0.523877088865014,4366861758.254096,6.261354245695271e-09,2.526353625027681,0.019093038179835,0.1199015911945934,263.437893735532,88293.26064441813,0.0020505173923456,SciPy,Timed Out,1058.260102033615
1814422.1229816608,2.644142485704226e-09,2.255960757051092,0.1274956200654329,5813677.603084287,2.36503406491843e-06,1.6503977771753404,1.1668453687639244,0.034089571835305,259.9053124987776,72102.5988805567,0.0018919231793095,SciPy,Timed Out,1089.113597393036
1353811194.5818365,1.6873081492119416e-09,2.4080529928832792,0.1562043385620575,247776.57734389423,1.7107475885276914e-06,1.3587348855221093,0.8516249464245935,0.0211681757277226,292.78489811387084,103513.51798269662,0.0139081770422376,SciPy,Timed Out,1124.3004360198977
30506.523042260065,2.0759951175867122e-07,2.033693403065506,0.6630203694298205,43897310.2947686,1.0287086971973047e-09,2.18807621202578,0.1797741544799931,3.6016171884117947,294.3093520346952,84898.49982392683,0.0187723301071885,SciPy,Timed Out,1033.1180574893951
1026175710.691372,4.2158113188515723e-07,2.314082490683103,1.0721477533523065,446283.3160338312,3.474676970600927e-09,2.0751578124437486,0.0119046963059156,6.317154779865867,264.51247168521786,69668.87163688874,0.0028309563479086,SciPy,Timed Out,1028.9985291957855
56312223.766919546,8.822915074172419e-07,2.689519185483148,0.7069171256425729,241996.61443970876,4.384189406706477e-09,2.708444051350768,0.0106219218034463,0.0206322546184391,274.77056896401143,98756.49038788267,0.0043155703675292,SciPy,Timed Out,1193.7357840538025
307309487.3788048,2.0791415774595613e-08,2.709117141965861,0.000593178854331,28306.06415415861,2.335327350856807e-07,1.4259229725161406,0.0819296121011618,0.0531319835604754,259.0044580176603,95440.61214512595,0.0013268117144855,SciPy,Timed Out,1069.2812750339508
3037195.891156061,1.846824987221129e-09,1.513085130575265,1.3492525212775632,666115.6231926398,2.887441570726273e-09,2.997293771475567,0.1596169453019527,0.0894341074592028,288.8839897887286,63309.25342037342,0.0178962669011303,SciPy,Timed Out,1053.4915566444397
9128635.615685089,2.948509835929725e-06,2.8213724710709824,1.3843804729171414,1575920478.7064264,9.041210262389149e-09,2.539794626561603,0.0188173542039413,0.3108572928476235,308.70785692796665,102671.51197609518,0.0368310792659412,SciPy,Timed Out,1036.9813866615295
21580680605.618786,1.6566043233817987e-09,1.9299567379779412,0.1102635033060384,256603587.3241604,1.855764641872688e-06,1.8743419158820536,0.8317577501922904,0.0111664786457616,295.5269080063392,65098.44884370829,0.0266968648321773,SciPy,Timed Out,1206.5887582302094
102703250.46257938,5.967835380024972e-06,1.3829361101139257,0.8115838513287916,77003045220.62482,1.2440699103264158e-08,1.7994923655220532,0.0304199471610028,0.0161985256608437,272.87248922983923,79184.82018594135,0.0046949406524603,PySDM,Timed Out,1005.2984282970428
251735752.5876352,6.847842220233372e-07,2.29186187249843,1.0122329529831589,22757479132.732258,3.314020006193428e-09,2.2302437121710983,0.0581390871189766,0.0271019547613322,272.96364480148804,69153.71137967381,0.0054180248479894,SciPy,Timed Out,1150.8414311408997
532618592.8358422,1.5448443577797403e-09,2.213880325175676,0.1293780004341337,275992733.4007513,3.0106743495937586e-08,2.935584904920538,0.2487391949798415,7.57401354351927,270.11244549531057,73801.42332703098,0.0041062715239951,SciPy,Timed Out,1029.6553592681885
7977618.216163262,2.2414640794591647e-09,2.0389262764392524,0.0225152679540146,3798936.2846789737,1.3552928642274302e-06,2.0289736052662075,1.4307387050681024,3.991875455944162,300.40057687394363,56369.8305659815,0.0422137557626816,SciPy,Timed Out,1032.3632926940918
117945222.23258606,2.7687077958376864e-08,1.7454423698220336,1.0883132322393136,4147917149.921635,2.1209562141498493e-09,1.2146680916340895,0.0070163661522177,0.0124579948568296,251.44630276951705,93552.94672082843,0.0007133505896609,SciPy,Timed Out,1278.4274134635923
65412684.54726224,1.9615626394495917e-09,2.7264491536373177,0.2310544114596946,642.9381401089602,5.021077240903342e-06,1.925490479250044,0.973499362475462,0.9080661184703848,289.6584595863774,77686.96856899204,0.0152596241072371,SciPy,Timed Out,1034.834914445877
418834303.7008236,1.1899164473305383e-09,1.6249459702550395,0.0926917205551666,580844.4170249822,1.1901367551857966e-07,2.10246543611604,0.5632041769502043,0.0133270684227176,253.50923059967997,103718.7175303725,0.0007694149796734,SciPy,Timed Out,1178.75892663002
20555672567.122284,2.849136276717152e-09,2.6209825996735243,0.0748039735508398,60943184.06538949,3.448259617948153e-08,2.231811022626036,0.6970996384746976,1.3105173292677448,249.9290226503725,68449.71829150566,0.0008533009671789,SciPy,Timed Out,1028.4133443832395
40409078.64801974,1.6441824807583663e-09,2.8784948773352093,1.242076724482439,402557904485.0779,1.3995349909131602e-09,2.4239442026929794,0.173685721315465,0.7256569204764566,267.36650419640154,100929.83685286665,0.002434372813543,SciPy,Timed Out,1034.6457781791687
35645595.52857677,7.792481272863006e-06,2.672282766731312,1.085797673040196,921007393.1206712,1.2042954895371555e-09,2.760719672676529,0.0247319354779347,0.0128831917621542,289.953920356712,75838.54661582522,0.0159448258393571,SciPy,Unexpected istate in LSODA.,43.39965462684631
1671401.945157794,9.600730363235703e-08,2.785616399097985,1.141780126907739,26344330.13041698,6.1782103302259125e-09,2.366684148816865,0.0541386852972324,0.2016088592199346,260.48307894521577,71729.58143879648,0.0019932821175204,SciPy,Timed Out,1043.5192320346832
1653892648.0989115,3.921167092618112e-07,1.37138154492248,1.3528767635536303,12524822.897251451,1.3508903127851976e-09,2.721649825856288,0.2021864422577835,7.143376227568345,309.01907012544746,51714.125251151214,0.0791651083777284,SciPy,Timed Out,1031.8159098625183
584682543.5731322,1.8492649359850847e-09,2.68741067564454,0.0586602078943771,1727.3567277322518,1.911265958471936e-06,2.14968109582596,1.028713080471468,0.0276034473032215,285.0733078156105,104944.28733989457,0.0083022057767698,SciPy,Timed Out,1099.75341629982
79186542.3132613,4.932205906345902e-06,1.645546632018676,0.3105255753327116,63317888.35905271,1.0062435521973382e-09,1.7706590278600969,0.1548887060146037,1.1296946960086591,267.8210089793897,57709.60180725665,0.0044214993729918,SciPy,Timed Out,1031.4326286315918
5220393.078655515,5.314633613153085e-09,1.368719263974118,0.0005368938549089,117761760.22687665,1.531963988787326e-07,2.591116554051512,0.8877604123897742,0.048826178825647,292.51881663508755,93470.3448993478,0.0151804039489436,SciPy,Timed Out,1072.08376288414
7027909305.455849,1.0045178976713974e-09,2.8088321515423766,0.1011865481374982,78993.07727795375,8.12353532915168e-08,1.5317218312527616,0.9648767425557654,0.6032798281551421,257.0084905700024,103843.74912666807,0.0010336078720495,SciPy,Timed Out,1031.784675359726
20383681.740660343,7.801529425965062e-06,1.6425187076751857,1.24941464686117,1183704.622927425,1.1106902929360516e-09,2.2603143577053757,0.1734836545246905,0.0145569458018043,265.71590572137546,52763.89815426593,0.0041130483468747,SciPy,Timed Out,1212.6076231002808
375835.569586261,7.547978046435556e-09,1.5945563687352349,0.9970000086997808,548552595.5840617,1.3153158051625786e-06,2.861429538470906,1.1631300236914304,0.0101272624028756,307.7502961507716,94346.4741048101,0.0380900310942498,PySDM,Timed Out,1005.2190325260162
19706283438.244267,1.1075857701463655e-09,2.209068321110672,0.0286694816399465,11891260.000305584,1.5366257625871165e-08,2.763292156031829,0.4149758144231481,0.0320820772976181,282.4453513097494,91219.31148783043,0.008012839131753,SciPy,Timed Out,1095.206545829773
203308.84580537773,6.1881235396760045e-09,2.5126142555705893,0.0817028329979238,263416771825.97467,1.8889221201630047e-09,2.4654817687330546,0.0388936331708233,3.8560520858837,286.4770584064101,75047.15716294019,0.0128205575899646,SciPy,Timed Out,1033.8588836193085
439196120.6595808,1.9159933593290203e-06,2.909602663069516,1.0480224943477006,11249302457.62369,6.076824882851373e-09,2.5913069821229318,0.0525000830508059,0.6756626620317391,261.34343278977354,65987.65332153229,0.0023234890944222,SciPy,Timed Out,1033.0663661956787
45086421266.27201,1.053767732058873e-09,2.848863976470126,0.06652077351742,4349722335.655525,4.8193682929010436e-08,2.552338740449056,1.3517610056262908,0.0245803498732333,295.5342314840501,72223.44899316592,0.0239727501482105,SciPy,Unexpected istate in LSODA.,54.50576186180115
10610569.855733989,6.8634270233028306e-09,1.4868082645160792,0.0101002472835594,2656878205.489207,1.003296425162247e-09,2.252040780583979,1.4056595360825894,1.450150658198963,279.878638887376,59332.14122059994,0.0103832139367015,SciPy,Timed Out,1034.221402645111
272843860999.254,2.009895601122633e-09,1.8395620957113172,0.0629127683322564,325931528.4762301,1.2377971329109397e-06,2.8695065761841043,1.1686050499952962,0.0233981771155103,253.4242548029576,67946.76322098423,0.0011666918113738,SciPy,Timed Out,1118.924284696579
192297739273.958,4.445026661600362e-09,1.9906325836382064,0.0081924278955653,228815.8320816498,2.6247184744092333e-06,1.5398348312189296,0.1548101764143896,0.0231760850901849,252.6071030364276,73888.07276038441,0.0009996136837362,SciPy,Timed Out,1111.9929041862488
2357784.933359177,4.127342744378774e-09,1.98435488400114,0.1157919470686854,51511825380.61197,2.617655367291648e-09,2.516808714248495,0.077632594787254,0.0600297988342959,250.68697938019605,97616.07789899758,0.0006395366163551,SciPy,Timed Out,1068.4402253627777
30186130.911956333,6.044777228929076e-06,2.076861218307172,0.9976822192870104,82734798.22430506,2.771589204801616e-09,2.593339394423268,0.0014447035574296,0.0485811510785878,251.590948104262,73470.73395921767,0.0009201914268793,SciPy,Timed Out,1090.910416841507
2671903.0044506826,2.1200407563523508e-09,2.9473660649114404,0.0219046093595609,6257097.244229233,1.0537855565068086e-09,2.775330003555556,0.1601171700983478,0.4844732476928007,305.7807480886262,98670.96766071906,0.0323460110031401,SciPy,Timed Out,1028.8957006931305
1828249929.0142405,2.6012974684306595e-09,2.7582872927983373,0.2031366421045654,16086.566978017348,3.854502116036841e-07,2.1989731489588253,0.4666651281510068,0.586318648664921,264.07032445859284,88028.81591644921,0.0021619564240196,SciPy,Timed Out,1033.6493518352509
4273281.823111854,1.4362037751830251e-09,1.2404821612863446,0.0579910745697409,1023836.6886477558,1.0830747862231852e-08,2.0019217722607543,1.140607396922866,5.490369681441729,271.9732270072548,52533.73406455098,0.0066469299289579,SciPy,Timed Out,1032.2647106647491
24558.901153551044,3.956802049408329e-06,1.7129739717673624,1.3604759287495782,1356910590.3723164,1.868462390006793e-09,1.635226555623043,0.0162591109810473,3.45016956179787,258.10371754553995,79193.69903255042,0.0014852560069026,SciPy,Timed Out,1033.800609588623
1231846.3755581488,1.2455090517364691e-09,1.3582612732415518,0.043668784879623,320582686.8532832,2.916283968698432e-09,1.7204688469817129,0.0396817131251888,0.0225902936287772,266.8711342322508,72460.4364346785,0.0032691761412496,SciPy,Timed Out,1114.453368186951
682063.7976452793,2.440778119942528e-09,2.374450944327121,1.3527726292254596,54402245.31859867,2.491897870822656e-09,2.8554213799564785,0.212337605387293,0.0651788837557893,255.61451624900664,69705.18844960362,0.0013707776868251,SciPy,Timed Out,1073.6687834262848
4736549.407485813,6.083407787131936e-09,1.860473040300869,1.4436012006699674,13484286007.154716,1.2219082976063451e-09,2.7837722845562043,0.4800493284161374,0.0255724326278924,253.32546174073104,63676.878464344925,0.0012345315840111,SciPy,Timed Out,1135.06112074852
6284964.115111535,3.513025170724618e-09,1.5699968968117473,0.5698528585053677,92723742121.15948,7.066140457311492e-09,2.38713535508988,0.0146373817636738,0.4524130849551032,285.1199034372511,99866.66640311731,0.0087574952791459,SciPy,Timed Out,1041.400779247284
6939983062.40749,1.324787090022226e-09,2.659591965196479,0.0526399357371347,9396806.055072583,2.6099092959646005e-07,2.887416341023457,1.203809474745117,0.848524440583226,301.3112009921673,59536.34237904476,0.0421442165067458,SciPy,Timed Out,1037.113606929779
33771814.06875572,5.760070637485341e-06,2.7639226277853424,0.0542836509008126,377639596.1730368,3.841790202959821e-09,2.3354646767216094,0.0857196599561749,0.053330069306629,286.05642919785805,76857.52081147465,0.0121666920590555,SciPy,Timed Out,1097.5610101222992
1254554.9297061437,2.987617415080087e-07,2.757885982528075,0.1438318979307627,2580426671.545528,1.6876496156880175e-09,2.353656496439932,0.162440601940116,0.057977352841163,267.64491976890315,87521.04653691924,0.0028695314546226,SciPy,Timed Out,1084.167992591858
22880908.26635129,1.6747954637900724e-09,2.5878654733199564,0.2035825240594538,333911214.38999975,1.409005356106772e-09,1.220567532716533,1.325262269371885,1.26489587440239,263.7186948602242,81158.78534604996,0.0022815101757301,SciPy,Timed Out,1030.2510516643524
6016.726299093964,4.861077372750981e-07,1.2217076340094128,0.5362732798898903,1031885.0201199052,1.7055298605340532e-09,2.040685606644859,0.1240875731284981,0.705150349020465,264.0289057745932,55667.32661867395,0.0034145307391294,SciPy,Timed Out,1036.381685256958
6587.885806923053,5.521219571780816e-07,1.468997883788085,0.9636675761280528,1044200.5419652727,2.626374958521272e-09,1.4646052511185086,0.0072546852035208,2.133625025345205,254.16485672637324,62364.61122384545,0.0013547727030867,SciPy,Timed Out,1032.9969606399536
50079534029.06105,3.034302207138378e-09,2.2285643553146355,0.0281831714438718,34237612.70785357,7.677684500772128e-06,2.3022182693204947,0.3666010408031039,9.720785916829607,251.00003731451304,84848.85841262233,0.0007564317140471,SciPy,Timed Out,1032.7076423168182
8903486.852868633,7.972322629171135e-09,2.9585184800510653,0.0410823478318698,80181.78776392978,1.842093021925206e-07,1.518979231894909,1.1392180851680158,5.108433376452235,282.3420506791008,74010.75110531332,0.0098358052632012,SciPy,Timed Out,1028.6070613861084
16409362.858623767,2.7029760780365446e-09,2.1611974846656983,0.0055494413375248,246016.147123905,2.2546079693629696e-08,2.3222274270455667,0.8874289087687772,5.330983008478593,269.38734386561225,60088.10049388493,0.0047823612791385,SciPy,Timed Out,1027.2762236595154
7418197.767186359,4.6459018002148684e-09,2.8492557431276007,0.0549578062882373,71316158.08401358,1.8496744203147403e-06,2.9921404708583417,0.9081327169290268,0.0144013489736651,275.89618715380453,63240.46295968598,0.0073384253591975,SciPy,Timed Out,1171.0333695411682
25087397.056456253,3.6481286459770905e-06,2.9977503226183755,1.1572975991715533,56755692.56781949,1.1744844631937738e-09,2.7544428304881112,0.4361537735000972,0.1444723571237369,286.45786602802764,70964.02240073103,0.013556977794642,SciPy,Timed Out,1054.1952300071716
407733.3469461205,7.719013657298017e-07,1.6827839088449033,0.8822802910728036,11587798.698373282,3.2849845834337013e-09,2.111089664251704,0.0066672397751597,4.374516889305549,283.73491309327613,102828.98384002224,0.0077465454721105,SciPy,Timed Out,1044.998034954071
289109.41005569906,5.024077211785082e-07,1.530522204874918,1.209942361694741,1719407.2313916136,1.1075899279323907e-09,2.827952646951793,0.5062568500516783,0.2099705603321711,262.6293284257902,93631.58478443042,0.0018130691455259,SciPy,Timed Out,1059.5098719596865
16263293.507538386,1.2164456309591319e-09,1.9177915587435743,0.9225647751594342,68630969.92945729,1.4658462518079024e-09,2.682500927963405,0.2975318920268465,0.112726328968205,249.56383177197444,81480.2989000846,0.0006938071684526,SciPy,Timed Out,1059.06533741951
3119855.582551488,1.7805844796993171e-09,2.602847535308117,0.0161725695842338,1166158.9373291126,1.8285876261018526e-09,2.998220976971581,0.6819562167658852,0.2847286805120125,272.6887266077667,93185.99888165116,0.0039316275134654,SciPy,Timed Out,1039.3906545639038
84515.98277305221,9.649365863741393e-08,2.2359624748076854,1.2045741728298232,682835.7840977517,2.652682071394092e-09,2.530147360458646,0.1016686268721843,0.8157935608383012,289.4400729786315,57570.60026529781,0.0204735921524388,SciPy,Timed Out,1033.54074883461
18730897346.59818,5.591654055431827e-09,2.02549625490991,0.0074866613597947,27880.89462494354,4.9104416062846894e-08,2.5891355933067977,0.1036187454607033,3.826993517659526,306.97606603006693,101747.2680021112,0.0336024481003489,SciPy,Timed Out,1029.336759805679
13703055919.1362,2.1433811746865347e-08,2.4784636683142365,0.0208595497547567,9140683.073235936,1.8693906552992173e-06,2.749821719737503,0.3162113940959502,0.0123329377028897,258.8593340810027,52630.14913645023,0.0023816475420496,SciPy,Timed Out,1084.5108296871183
49480467959.11758,1.139682800099255e-09,2.7493675560559865,0.247918041947317,82462.0794353493,2.6601011254902994e-06,2.986040911617458,1.1014766632927795,4.403697169211365,274.3029271543696,97246.23434162245,0.0042372172207952,SciPy,Timed Out,1040.5803458690643
647577.2758107097,8.176000325375864e-06,2.473378553224732,0.3590098685464428,1116373650.430689,3.252265729555272e-09,1.8084385398413256,0.0438132329894827,0.0685148688851232,265.91649048203766,98660.89296345256,0.0022273003025186,SciPy,Timed Out,1076.5110924243927
1838395.9248380489,7.903614273982908e-06,2.7544341263674514,1.163957845490563,132487558.77656828,1.7492217596439356e-09,2.4841599733042683,0.1101558481613902,4.338831987759415,289.49246917910443,77731.20756211653,0.0150865893062422,SciPy,Timed Out,1028.0198311805725
99073.46508873244,1.0433700579789955e-06,2.490007438306748,0.7913352286998103,22751834.0414475,1.0585287002846635e-09,1.3764348938366906,0.0207643883578322,0.1891518117800671,286.68809692623233,104876.7809994013,0.0092487610348842,SciPy,Timed Out,1049.6188728809357
7434.231549021302,7.120858519473346e-07,2.061340162421711,1.4718656211927057,2897893.9650201434,2.659321744617881e-09,2.0952723307433025,0.0528055133319761,0.1641954645914298,294.6934513557208,94803.6844827436,0.0171679348077179,SciPy,Timed Out,1051.1363837718964
3761.285081245123,1.1693105659011491e-06,2.1438912150351817,0.5680839653125773,3786336.120638121,3.896397214726796e-09,2.1836647414021364,0.0637343150953811,4.29836690222164,295.18855473396206,50066.00295481263,0.0344099780492182,SciPy,Timed Out,1032.6281530857086
835589787.1752886,8.583272311445669e-09,1.9588207509884783,0.0055743724838395,3993099.623607618,5.298361788203966e-06,2.56297568815396,1.210630012540403,9.239658518696777,272.0030694367547,102031.30957110762,0.0034122140009693,SciPy,Timed Out,1031.4961831569672
11481281.106316265,1.124152867317913e-09,2.682022680643681,0.3420108392582009,713999047.3085707,6.58476574556198e-07,2.181166797597191,0.6919558428421744,1.8381032248502496,276.9185740954146,67594.8496537914,0.0073813601559227,SciPy,Timed Out,1033.7099442481997
80610258.21879366,1.4597406224364885e-08,2.5777914945801497,0.0111758237300544,6403954.093043516,7.100413052180067e-06,1.4128023301374215,0.0011999000722378,4.567279054440447,268.741125538789,75638.74090676835,0.0036121496042471,SciPy,Timed Out,1033.8911418914795
6197217.8400812205,2.6157270054638977e-06,2.47201439481588,1.4088728888553703,11750508265.552856,1.1851543861211796e-09,2.985167705732251,0.2038725392973958,0.0173670084895987,303.20579063117094,89899.79734764187,0.0305930248113446,SciPy,Timed Out,1031.7928919792175
152480974.34376946,1.416478563405059e-06,2.386867177811522,0.8170681142746082,29498062.545147005,4.048393918409673e-09,2.4789911532125104,0.0994068739364179,1.2263637729332373,271.9615749974286,50757.529392855766,0.006876156539928,SciPy,Timed Out,1034.3595261573792
15811463.358430631,3.6758407138609456e-08,1.7773555272053607,0.4062343875378533,96859735837.06577,7.567493486288303e-09,2.5824130813850004,0.0206427837328837,4.929136114176557,251.86974616223583,57700.22426612972,0.0012010716856328,SciPy,Timed Out,1027.280662536621
513458858.6425549,2.619588187356171e-09,1.4162978397896977,0.0069639902593774,571927730.6588542,9.661421620237629e-09,2.4196896855865093,0.8225334472068035,0.0271724228303602,284.1658852484309,78530.40536766777,0.0104840041312953,SciPy,Timed Out,1106.1807413101196
244840578.85317177,4.846169321687463e-08,1.777167160275855,0.0022551054437419,193668080.34986964,1.8895566516664627e-06,1.5500522553147291,1.201872063188385,1.2485992946433304,279.8631130631013,88245.809338755,0.0069356829743336,SciPy,Timed Out,1033.137849569321
170808444.28111437,2.5976902966781155e-08,2.8260486742373008,0.0060928529455793,379179240.0394972,2.6242336371361557e-08,2.959431112652575,0.3035130417067259,3.706671386061082,288.92117367876267,72524.21156680254,0.0156034447701197,SciPy,Timed Out,1029.5867266654968
23334205.51705584,1.064968616350654e-09,2.929198209231004,0.0075343322899431,63597.00064272239,4.908545761352119e-06,1.5590103864135916,1.2520904059757971,0.4659866076801724,298.03211256643567,88350.2723809843,0.0227309757060709,SciPy,Unexpected istate in LSODA.,49.87039828300476
618824.4274569856,8.18091153068259e-08,2.406040930567507,0.928608600954727,41268189872.01391,2.1276876049432197e-08,2.16139788138348,0.0089166989846652,6.2516028600794895,309.2451398171793,102455.2987493266,0.038086161889861,SciPy,Timed Out,1031.6957037448883
81449811.12563923,1.6220487453419847e-09,2.425620034036542,0.0212555905548449,2473654.942997823,6.988226814260277e-07,2.981700131673576,0.0590993930056462,2.677931008281807,295.69792214185475,53282.90310882726,0.0332924795215877,SciPy,Timed Out,1033.9383008480072
104192449.16209984,1.410585046967504e-08,2.904746575038943,1.073975241143616,1072277.8839423428,2.473432802364985e-09,2.8769160728193914,0.0333070209285631,0.0109998271139731,277.37189994746547,85202.86596829325,0.0060327096624206,SciPy,Unexpected istate in LSODA.,289.9453868865967
1404861.4312427065,3.941217707593069e-06,2.6046317681741997,0.5419940893219167,102232209.33938818,1.4039978662623055e-09,2.650279029278681,0.1830896790286664,0.0869587571540572,305.4247988592292,51781.604740023125,0.0632691851468594,SciPy,Timed Out,1065.595965385437
4927904370.81575,1.668647635856888e-09,1.423354654676528,0.6458869034092454,6188291.937398842,1.7554554996860455e-09,2.1488194310778184,0.1481692394903498,0.5459950261816882,284.4276561731912,73527.68285782596,0.0114102523961244,SciPy,Timed Out,1033.3375279903412
65200554220.0611,7.604349491864962e-09,2.191660880224141,0.0314895446634275,2166694.3764894246,3.306261056292476e-08,1.2287723484562187,0.8007882629639804,0.7517986874050917,277.65166676038245,93971.07965643096,0.0055741148325375,SciPy,Timed Out,1033.7784402370453
37267.54607426725,5.072334749434259e-06,2.9302563312176924,1.0315272281390946,7342967.633505085,4.177723931963076e-09,2.327177010079691,0.0802374786598347,3.623984878500432,256.3269705289699,54116.722382375694,0.0018761224188554,SciPy,Timed Out,1030.8733959197998
11524162093.029907,1.6678066974934482e-09,2.557849751980238,0.286024152689433,80629547.93791756,4.757447824355067e-07,1.495575393266895,0.7290919320042946,0.0179804635442595,250.8523266027671,88903.00584165312,0.0007125832244532,SciPy,Timed Out,1143.3339591026306
300848753.93487084,3.3248179588435412e-09,2.940675615873891,0.0762297098021048,3371502.8528744304,1.3258785311391708e-07,2.885442740711581,1.2097973817607524,0.5830652536578348,258.2143919930481,75126.12373828831,0.0015802731925793,SciPy,Timed Out,1032.7979397773745
14362104.379861826,1.616584549479251e-08,2.5400036079203643,0.2216710652563142,25145046.491014555,2.4244433605698442e-08,2.108690276418858,0.0023741315482409,0.0172113820668449,303.3232052154159,99112.69309003346,0.027817687361106,SciPy,Timed Out,1180.615891456604
1408796.1014348036,1.2127729976276302e-07,2.722822725207024,1.4629234872516388,8274605.309768436,1.3777999703531356e-09,2.215111147034956,0.0454730120665674,3.935858102290228,284.25036732178825,52654.69304092484,0.0158576905918626,SciPy,Timed Out,1031.1961011886597
124605.50199883398,1.9227291093838858e-06,1.8106491280964223,0.2518100547063143,2735398676.283572,1.7835840171142167e-09,2.181891060593121,0.0863971312861601,0.0456854305309704,303.0895578546045,97513.3097047179,0.0279015506417204,SciPy,Timed Out,1100.5439093112946
6029486.34087941,1.7729760193602532e-09,2.9981461609412623,0.0848444260986586,234190.9735439698,5.963188111822292e-07,2.9780727264169817,1.2762302406504966,6.53782702511174,269.33704930234575,71028.31563946379,0.0040256477606318,SciPy,Timed Out,1031.4567313194275
1611.399285674536,1.1015495896268768e-06,2.770377601343377,1.2725000677103306,612631516.236293,2.1638534106942588e-08,1.8985218007040492,0.0067745819864617,0.017079719152689,260.5943818376316,65432.63485798868,0.0022056048714759,SciPy,Timed Out,1222.7287616729736
90395944381.51132,1.013731641391175e-09,2.809208520647866,0.1362575760059417,194929047.6478404,1.8401229922445805e-06,1.7101369441816652,0.1914118145421074,0.4930827476712714,251.84630970485813,57847.25657553572,0.0011955652274424,SciPy,Timed Out,1037.9273898601532
475668512.63707536,1.3842348287540289e-06,2.556529830497305,1.4981010817849507,14922.112043931002,1.4318220106937844e-06,2.31484746247099,0.7666061656456764,0.0116666431804162,269.6011389616747,74674.00417904064,0.0039049142546745,PySDM,Timed Out,1005.279202222824
8351604.065475636,1.378807393614033e-09,2.555774191870785,0.1729839405863412,18816101.71269846,1.1244913655079494e-09,1.3629759698800097,0.6402836336130083,7.47916483615033,303.34205425232227,89641.24291252086,0.0309379765665797,SciPy,Timed Out,1029.1245467662811
6466429.363939078,2.035472405019888e-06,1.6920524575780798,1.496273809007716,219667683293.2769,1.304084126966656e-09,2.821241324106497,0.1251251050234967,0.1727414219802907,258.9792622815467,94412.88389701676,0.0013385147348578,SciPy,Timed Out,1050.298671245575
12762.574646141617,9.883528325192572e-06,2.2567886221921034,1.0298753430440506,389817805.56739306,1.1915625273605815e-09,2.2732288669896867,0.0232159073020259,0.1737266646229779,288.0035141500115,102382.88618657172,0.0103343992304906,SciPy,Timed Out,1049.94748711586
3672179598.37342,1.1146170764988983e-07,2.0784225497716853,1.3712334863477866,49747171603.51135,1.4753607620909211e-09,2.687475066740271,0.0823300461858171,1.567559800214909,254.00566816314424,51143.76769457515,0.0016304122380497,SciPy,Timed Out,1034.6546964645386
517124733.8106988,1.8647372792020584e-06,2.4280471436421927,1.4849008417777734,15656.806301080982,8.95378875780951e-07,2.6654868025098506,0.4308150207387208,0.0236004858757018,298.3354616978596,103378.6066835064,0.0196870548340616,PySDM,Timed Out,1005.311484336853
20698.41336511348,4.052452192723621e-06,1.3475984041197435,1.0598346688574245,82118734.37899148,2.061489502449881e-09,1.6702928327128774,0.0020273551901124,4.090315080419634,277.1287981486455,90391.72217703046,0.0055861030163537,SciPy,Timed Out,1028.3739204406738
425574769.8591596,3.084783633308677e-07,2.4664985604358787,0.969816184241561,7183811.93636883,2.2184605760728644e-09,2.555170852625885,0.0961818231970717,2.664241412987539,263.1581316937416,69594.9133651052,0.0025466269920705,SciPy,Timed Out,1031.0586557388306
33177375872.929413,1.878127172695483e-09,2.738242464347028,0.7166297124778793,267939886583.04785,1.7884320221461305e-09,2.2971312814938405,0.027639850552759,0.0171926649300606,301.7267215273864,97830.92318812718,0.0256195191825299,SciPy,Timed Out,1161.7053124904633
67043560.82566191,4.556371864254325e-08,2.993564609075202,1.0976586468758762,652515929501.8021,1.15631736037595e-09,2.771588125255791,0.4094371298959338,0.8738441460885995,283.7171734783519,72048.25451153971,0.0111018356007388,SciPy,Timed Out,1036.442477941513
7009349.830759658,5.560106057877809e-06,1.7100792243277274,1.2961948988197975,4655642104.581833,2.144448845821951e-09,1.449406094679641,0.0291355784326884,0.046552253623855,263.8914911621308,62033.13182466944,0.0030293839936196,SciPy,Timed Out,1100.809626340866
106846.06817391464,3.861952978210667e-06,1.4119175296672268,0.5168331035518566,8614726.375917267,4.0039771098894165e-09,2.2249930596969927,0.0095423717293478,0.0141410992842345,300.631714818443,90402.44440291112,0.0260300416128463,SciPy,Timed Out,1302.634276151657
2688015.5181110185,2.025436754414876e-09,1.967111116120445,0.0519720293075237,84859.05256712939,3.122349691157492e-06,2.498806840912883,0.9577987682479174,0.0229316195208135,248.59269291735785,103381.59464781523,0.0005012735415831,SciPy,Timed Out,1141.6496036052704
56024881792.170494,1.307032330208818e-09,2.720623226328831,0.0263217034416195,875497.0331037687,2.3289714899887705e-07,2.0133224332116724,0.0751088307583361,9.91140689177882,250.15656379227065,62081.491606184536,0.0009601321113873,SciPy,Timed Out,1031.452646970749
